|Net ID|Course|Film title|Transcoded File Name|Call Num|Order to Process|na|Status of Request|Date needed|Main Feature Language|Subtitles|Library|Prior use|(N/A)|Notes|Request or Decline|Which Course Management System are you using?|Please specify the subtitle language||
6/22/2012 15:51:06|batill|AME30362-01|Deep Dive - IDEO|DeepDive.mov|na|1|1|Completed|8/20/2012||||Yes|||Yes - I'll enter titles now|Concourse (AT is added --- JJH)|||
6/22/2012 15:52:01|batill|AME30362-01|Genius of Design - Episode 1|GeniusOfDesign1.mov|na|1|1|Completed|8/20/2012||||Yes|||Yes - I'll enter titles now|Concourse (AT is added --- JJH)|||
6/22/2012 15:52:52|batill|AME30362-01|Genius of Design - Episode 2|GeniusOfDesign2.mov|na|1|1|Completed|8/20/2012||||Yes|||Yes - I'll enter titles now|Concourse (AT is added --- JJH)|||
6/22/2012 15:54:01|batill|AME30362-01|Genius of Design - Episode 3|GeniusOfDesign3.mov|na|1|1|Completed|8/20/2012||||Yes|||Yes - I'll enter titles now|Concourse (AT is added --- JJH)|||
6/22/2012 15:54:37|batill|AME30362-01|Genius of Design - Episode 4|GeniusOfDesign4.mov|na|1|1|Completed|8/20/2012||||Yes|||Yes - I'll enter titles now|Concourse (AT is added --- JJH)|||
6/22/2012 15:55:06|batill|AME30362-01|Genius of Design - Episode 5|GeniusOfDesign5.mov|na|1|1|Completed|8/20/2012||||Yes|||Yes - I'll enter titles now|Concourse (AT is added --- JJH)|||
8/14/2012 17:38:20|emcclint|SOC 43377|The Life and Times of Rosie the Riveter|D03041_The_Life_And_Times_of_Rosie_The_Riveter.mov|D03041|1|1|Completed|8/22/2012|English|No|I don't know|Not sure||D03041|Yes - I'll enter titles now|Concourse in Sakai|english||
8/14/2012 14:33:59|sfredman|ENGL 40708-01|Howl|Howl.mov|D08458|1|1|Completed|8/28/2012|English|No|Yes|Not sure||D 08458|Yes - I'll enter titles now|Concourse in Sakai|no subtitles||
7/17/2012 16:04:30|kibsen|LLRO13186 - 01 |The Buried Mirror, videos 2, 3, 4 and 5|V03412_The_Buried_Mirror_Conflict_of_the_Gods_Program2.mov V03412_The_Buried_Mirror_The_Age_of_Gold_Program_3.mov V03412_The_Buried_Mirror_The_Price_of_Freedom_Program_4.mov V03412_The_Buried_Mirror_Unfinished_Business_Program_5.mov|V03412|1|1|Completed|On 8/21, 8/23, 8/30 and 10/9, respectively |English|No|Yes|No||V 03412|Yes - I'll enter titles now|Concourse - PR|||
8/14/2012 14:44:11|sfredman|ENGL 40708-01|Swimming to Cambodia|SwimmingToCambodia.mov||2|2|Completed|9/1/2012|English|No|Yes|Not sure||D 02347|Yes - I'll enter titles now|Concourse in Sakai|no subtitles||
8/14/2012 14:46:15|sfredman|ENGL 40708-01|I Have Nothing to Say|IHaveNothingToSay.mov||2|2|Completed|9/11/2012|English|No|Yes|Not sure||V 00686|Yes - I'll enter titles now|Concourse in Sakai|no subtitles||
7/17/2012 16:17:08|kibsen|LLRO13186 - 01 |Chile Obstinate Memory|V03448_Chile_Obstinate_memory.mov||3|3|Completed|9/20/2012|Spanish|Yes|Yes|No||V 03448 This film has been streamed for my colleague Thomas Anderson.|Yes - I'll enter titles now|Concourse - PR|||
8/14/2012 11:48:47|cmoevs|ROIT 30310 - 01|Amarcord (by Federico Fellini), in Italian with English subtitles|Amarcord.mov||3|3||9/25/2012||||Yes|||Yes - I'll enter titles now|Concourse|||
8/14/2012 14:37:51|sfredman|ENGL 40708-01|Four American Composers: Meredith Monk|FourGreatAmericanComposers.mov|V01451|4|4||10/1/2012|English|No|Yes|Not sure||V 01451|Yes - I'll enter titles now|Concourse in Sakai|no subtitles||
8/14/2012 14:40:24|sfredman|ENGL 40708-01|Home of the Brave|HomeOfTheBrave.mov|V00410|4|4||10/1/2012|English|No|Yes|Not sure||V 00410|Yes - I'll enter titles now|Concourse in Sakai|no subtitles||
8/14/2012 14:41:46|sfredman|ENGL 40708-01|Collected Videos|CollectedVideos.mov|V00411|4|4||10/1/2012|English|No|Yes|Not sure||V 00411|Yes - I'll enter titles now|Concourse in Sakai|no subtitles||
8/14/2012 14:56:47|sfredman|ALHN 13950-07 |Doctor Atomic (2008)|||4|4||10/11/2012|English|No|No|No||I have a copy you can use, once the library orders a copy|Yes - I'll enter titles now|Concourse in Sakai|no subtitles||
8/14/2012 17:41:50|emcclint|SOC 43377|Maid in America|||5|5||10/20/2012|English|No|I don't know|No|||Yes - I'll enter titles now|Concourse in Sakai|english||
8/14/2012 14:59:09|sfredman|ALHN 13950-07|Clueless|AT LAW LIBRARY||7|7||11/20/2012|English|No|Yes|No||Notre Dame, Kresge Law Library General Collection (PN1997 .C58 1995a|Yes - I'll enter titles now|Concourse in Sakai|no subtitles||
7/17/2012 16:14:20|kibsen|LLRO13186 - 01 |The Americas (selected chapters)|V00297_Americas_Part2.mov V00297_Americas_Part3.mov V00297_Americas_Part6.mov V00297_Americas_Part7.mov V00297_Americas_Part8.mov V00297_Americas_Part9.mov|V00297|2|2|Completed|first chapter needed on 9/4/2012|English|Yes|Yes|No||V 00297 The following chapters: 2. Capital sins: authoritarianism and democratization needed 9/4/2012 3. Continent on the move: migration and urbanization needed 9/18/2012 6. Miracles are not enough: continuity and change in religion needed 11/13 7. Builders of images: Latin American cultural identity needed 9/4 8. Get up, stand up: problems of sovereignty needed 11/1 9. Fire in the mind: revolutions and revolutionaries needed 11/1|Yes - I'll enter titles now|Concourse - PR|||
8/15/2012 14:31:51|pmartin|FA12-ROFR-20201-SS02|Chaos|D06450_Chaos_(FrenchWithEnglishSubs).mov||2|2|Completed|9/14/2012|French|Yes|Yes|No||D 06450|Yes - I'll enter titles now|Concourse in Sakai|English||
8/15/2012 14:34:09|pmartin|FA12-ROFR-20201-SS02|Indochine|D08047_Indochine_(FrenchWithEngSubs).mov||2|2|Completed|9/14/2012|French|Yes|Yes|No||D 08047|Yes - I'll enter titles now|Concourse in Sakai|English||
8/15/2012 14:38:09|pmartin|FA12-ROFR-27500-SS01|Le Cheval d'Orgueil|V04163_The_Horse_Of_Pride_(FrenchWithEnglishSubs).mov||2|2|Completed|9/1/2012|French|Yes|Yes|No||I donated a new VHS copy of the film to the ND library this week. The film does not exist in DVD.|Yes - I'll enter titles now|Concourse in Sakai|English||
8/15/2012 14:39:37|pmartin|FA12-ROFR-27500-SS01|Vipère au poing|D02302_Viper_in_The_Fist_Vipere_Au_Poing_(FrechWithEngSubs).mov||2|2|Completed|9/1/2012|French|Yes|Yes|No||D 02302|Yes - I'll enter titles now|Concourse in Sakai|English||
8/15/2012 14:42:01|pmartin|FA12-ROFR-27500-SS01|Western|V02877_Western_(FrenchWithEnglSubs).mov||2|2|Completed|9/1/2012|English|Yes|Yes|No||V 02877 (Library has what I believe is a new copy of the VHS tape ... I have a personal DVD copy if that proves more helpful.|Yes - I'll enter titles now|Concourse in Sakai|English||
8/15/2012 14:53:02|pmartin|CSEM 23101-07|Monsieur Ibrahim et les fleurs du Coran|D02770_Monsieur_Ibrahim(FrenchWithEngSubs).mov||3|3|Completed|9/28/2012|French|Yes|Yes|No||D 02770|Yes - I'll enter titles now|Concourse in Sakai|English||
8/15/2012 14:54:22|pmartin|CSEM 23101-07|Water|D04951_Water_(HindiWithEngSubs).mov||3|3|Completed|9/28/2012|Hindi|Yes|Yes|No||D 04951|Yes - I'll enter titles now|Concourse in Sakai|English||
8/15/2012 14:56:06|pmartin|CSEM 23101-07|Pollock|D03552_Pollock.mov||3|3|Completed|9/28/2012|English|No|Yes|No||D 03552|Yes - I'll enter titles now|Concourse in Sakai|None||
8/15/2012 17:51:23|mnoriega|ROSP 27500-04|The Official Story |HistoriaOficial.mov||1|1|Completed|8/28/2012||||Yes|||Yes - I'll enter titles now|Concourse in Sakai|||
8/15/2012 17:55:04|mnoriega|ROSP 27500-04|Under the Same Moon|LaMismaLuna_UnderTheSameMoon.mov||2|2|Completed|9/7/2012||||Yes|||Yes - I'll enter titles now|Concourse in Sakai|||
8/15/2012 17:56:14|mnoriega|ROSP 27500-04|Maria Full of Grace|MariaFullOfGrace.mov||2|2|Completed|9/14/2012||||Yes|||Yes - I'll enter titles now|Concourse in Sakai|||
8/15/2012 17:57:36|mnoriega|ROSP 27500-04|Machuca|Machuca(SpanishNoSubtitles).mov and/or Machuca(SpanishWithEnglishSubtitles).mov||2|2|Completed|9/14/2012||||Yes|||Yes - I'll enter titles now|Concourse in Sakai|||
8/15/2012 18:00:05|mnoriega|ROSP 27500-04|Motorcycle Diaries|MotorcycleDiaries.mov||3|3|Completed|9/20/2012||||Yes|||Yes - I'll enter titles now|Concourse in Sakai|||
8/15/2012 18:01:01|mnoriega|ROSP 27500-04|Guantanamera|Guantanamera.mov||2|2|Completed|9/14/2012||||Yes|||Yes - I'll enter titles now|Concourse in Sakai|||
8/15/2012 18:05:41|mnoriega|ROSP 27500-04|Tear my Heart Out Arrancame la vida|ArrancameLaVida.mov||4|4|Completed|10/2/2012||||Yes|||Yes - I'll enter titles now|Concourse in Sakai|||
8/16/2012 0:45:59|mbrownst|LLEA 30413-01|Japan: The Living Tradition--Early Japan, pt. 1 |JapanLivingTradition_EarlyJapan1.mov||1|1|Completed|8/22/2012||||Yes|||Yes - I'll enter titles now|Concourse in Sakai|||
8/16/2012 0:47:52|mbrownst|LLEA 30413-01|Japan: The Living Tradition--Early Japan, pt. 2|JapanLivingTradition_EarlyJapan2.mov||1|1|Completed|8/22/2012||||Yes|||Yes - I'll enter titles now|Concourse in Sakai|||
8/16/2012 0:56:02|mbrownst|LLEA 13186.01|The Coming of the Barbarians|V01739_Japan_Past_And_Present_Coming_Of_The_Barbarians.mov||1|1||8/22/2012||||Yes|||Yes - I'll enter titles now|Concourse in Sakai|||
8/16/2012 8:26:59|ikim1|PSY 43364|Unnatural Causes: In Sickness and in Wealth (Episode 1)|D04943_Unnatural_Causes_Episode1_In_Sickness_and_In_Wealth.mov||1|1|Completed|8/28/2012||||Yes|||Yes - I'll enter titles now|Concourse|||
8/16/2012 8:28:44|ikim1|PSY 43364|"Unnatural Causes: ""When the bough breaks"""|D04943_Unnatural_Causes_Episode2_When_the_Bough_Breaks.mov||||Completed|11/6/2012||||Yes|||Yes - I'll enter titles now|Concourse|||
8/16/2012 11:06:31|amagnanp|FTT13182 SEC 2|HEROES OF THE EAST|HeroesOfTheEast.mov||1|1|Completed|8/27/2012||||Yes|||Yes - I'll enter titles now|Concourse in Sakai|||
8/16/2012 11:07:27|Amagnanp|FTT13182 SEC 2|THE NEW ONE-ARMED SWORDSMAN|NewOneArmedSwordsman.mov||2|2|Completed|9/3/2012||||Yes|||Yes - I'll enter titles now|Concourse in Sakai|||
8/16/2012 11:08:02|amagnanp|FTT13182 SEC 2|CROUCHING TIGER, HIDDEN DRAGON|CrouchingTigerHiddenDragon.mov||2|2|Completed|9/10/2012||||Yes|||Yes - I'll enter titles now|Concourse in Sakai|||
8/16/2012 11:08:28|Amagnanp|FTT13182 SEC 2|HEROES OF THE EAST|HeroesOfTheEast.mov||3|3|Completed|9/24/2012||||Yes|||Yes - I'll enter titles now|Concourse in Sakai|||
8/16/2012 11:09:01|amagnanp|FTT13182 SEC 2|FIST OF FURY/THE CHINESE CONNECTION|FistofFury.mov||5|5|Completed|10/29/2012||||Yes|||Yes - I'll enter titles now|Concourse in Sakai|||
8/16/2012 11:09:31|Amagnanp|FTT13182 SEC 2|36TH CHAMBER OF SHAOLIN|36thChamberShaolin.mov||6|6|Completed|11/5/2012||||Yes|||Yes - I'll enter titles now|Concourse in Sakai|||
8/16/2012 11:09:58|amagnanp|FTT13182 SEC 2|THE TUXEDO|Tuxedo.mov||6|6|Completed|11/12/2012||||Yes|||Yes - I'll enter titles now|Concourse in Sakai|||
8/16/2012 11:13:23|Amagnanp|FTT13182 SEC 2|Act of Valor |ActOfValor.mov||1|1|Completed|8/27/2012|English|No|No|No||on order (Using professors Copy for now)|Yes - I'll enter titles now|Concourse in Sakai|N/A||
8/16/2012 11:14:07|amagnanp|FTT40901|300|300.mov||2|2|Completed|9/3/2012||||Yes|||Yes - I'll enter titles now|Concourse in Sakai|||
8/16/2012 11:14:34|amagnanp|fTT40901|Spartacus|D04389_Spartacus.mov||2|2|Completed|9/10/2012||||Yes|||Yes - I'll enter titles now|Concourse in Sakai|||
8/16/2012 11:15:04|amagnanp|fTT40901|The Warlords|D01677_TheWarlords(MandarineWithEnglishSubtitles)Part1of2.mov D01677_TheWarlords(MandarineWithEnglishSubtitles)Part2of2.mov||3|3|Completed|9/17/2012||||Yes|||Yes - I'll enter titles now|Concourse in Sakai|||
8/16/2012 11:16:12|amagnanp|fTT40901|Samurai II: Duel at Ichijoji Temple Temple|D02989_v2_Samurai_2_DuelAtIchijojiTemple(JapaneseWithEnglishSubtitles).mov||3|3|Completed|9/24/2012||||Yes|||Yes - I'll enter titles now|Concourse in Sakai|||
8/16/2012 11:16:36|amagnanp|fTT40901|Les Visiteurs|D05773_LesVisiteurs_TheVisitors(FrenchWithEnglishSubtitles).mov||5|5|Completed|10/22/2012||||Yes|||Yes - I'll enter titles now|Concourse in Sakai|||
8/16/2012 11:17:27|amagnanp|fTT40901|The Duelists|Duelist.mov||5|5|Completed|10/29/2012|English|No|No|Not sure||On order.|Yes - I'll enter titles now|Concourse in Sakai|N/A||
8/16/2012 11:17:49|amagnanp|fTT40901|Shane|Shane.mov||6|6|Completed|11/5/2012||||Yes|||Yes - I'll enter titles now|Concourse in Sakai|||
8/16/2012 11:18:12|amagnanp|fTT40901|To Hell and Back|D03623_ToHellAndBack.mov||6|6|Completed|11/12/2012||||Yes|||Yes - I'll enter titles now|Concourse in Sakai|||
8/16/2012 11:20:49|tanders6|LLRO 13186-03|Voces Inocentes|D04828_VocesInocentes_InnocentVoices(SpanishWithEnglishSubtitles).mov||1|1|Completed|8/28/2012||||Yes|||Yes - I'll enter titles now|Concourse|||
8/16/2012 11:22:22|tanders6|LLRO 13186-03|Cautiva (Captive)|Cautiva.mov||4|4||10/1/2012||||Yes|||Yes - I'll enter titles now|Concourse|||
8/16/2012 11:23:31|tanders6|LLRO 13186-03|La historia de Maria (Maria's Story)|MariasStory.mov||1|1|Completed|8/30/2012||||Yes|||Yes - I'll enter titles now|Both Concourse and Concourse in Sakai|||
8/16/2012 11:24:07|tanders6|LLRO 13186-03|When the Mountains Tremble|WhenTheMountainsTremble.mov||2|2||9/2/2012||||Yes|||Yes - I'll enter titles now|Both Concourse and Concourse in Sakai|||
8/16/2012 11:24:48|tanders6|LLRO 13186-03|Paloma de Papel (Paper Dove)|PalomaDePapel.mov||3|3||9/15/2012||||Yes|||Yes - I'll enter titles now|Both Concourse and Concourse in Sakai|||
8/16/2012 11:29:04|tanders6|LLRO 13186-03|State of Fear (Pamela Yates New Day Films 2005)|StateOfFear.mov||3|3||9/20/2012|Spanish|Yes|Yes|No||Notre Dame, Hesburgh Library Audio Center DVD (D 08274 )|Yes - I'll enter titles now|Both Concourse and Concourse in Sakai|English||
8/16/2012 11:30:37|tanders6|LLRO 13186-03|La boca del lobo|LaBocaDelLobo.mov||2|2||9/10/2012|Spanish|Yes|Yes|No||Notre Dame, Hesburgh Library Audio Center DVD (D 09460 )|Yes - I'll enter titles now|Both Concourse and Concourse in Sakai|English||
8/16/2012 11:32:10|tanders6|LLRO 13186-03|Devil's Miner|DevilsMiner.mov||3|3||9/25/2012|Spanish|Yes|Yes|Not sure||Notre Dame, Hesburgh Library Audio Center DVD (D 08604 )|Yes - I'll enter titles now|Both Concourse and Concourse in Sakai|English||
8/16/2012 11:33:51|tanders6|LLRO 13186-03|Nuestros desaparecidos (Our Disappeared)|NuestrosDesaparecidos.mov||3|3||9/20/2012|Spanish|Yes|Yes|No||Notre Dame, Hesburgh Library Audio Center DVD (D 08538 )|Yes - I'll enter titles now|Both Concourse and Concourse in Sakai|English||
8/16/2012 11:36:24|tanders6|LLRO 13186-03|Chile Obstinate Memory|V03448_Chile_Obstinate_memory.mov||4|4||10/1/2012|Spanish|Yes|Yes|No|| ST MARY's has DVD, ND does not.  This may have been made available for other ND class Saint Mary's College Audio Visual Collection (F 3100 .C45 DVD )|Yes - I'll enter titles now|Both Concourse and Concourse in Sakai|English||
8/16/2012 11:38:56|tanders6|LLRO 13186-03|Eyes on the Prize Disc 1 (Awakenings and Fighting Back) and 2|||5|5||10/15/2012||||Yes|||Yes - I'll enter titles now|Both Concourse and Concourse in Sakai|||
8/16/2012 11:41:51|tanders6|LLRO 13186-03|Balseros (Boat People)|D02706_Balseros(SpanishWithEnglishSubtitles).mov||5|5||10/15/2012||||Yes|||Yes - I'll enter titles now|Both Concourse and Concourse in Sakai|||
8/16/2012 11:44:09|tanders6|LLRO 13186-03|Denial|D09967_Denial.mov|D09967|1|1|Completed|8/30/2012|Spanish|Yes|Yes|No||Notre Dame, Hesburgh Library Audio Center DVD (D 09967 )|Yes - I'll enter titles now|Both Concourse and Concourse in Sakai|English||
8/16/2012 11:48:33|tanders6|LLRO 13186-03|Rojo amanecer (Red Dawn)|D09978_Rojo Amanecer.mov||4|4||10/1/2012|Spanish|Yes|Yes|No||Notre Dame, Hesburgh Library Audio Center DVD (D 09978 )|Yes - I'll enter titles now|Both Concourse and Concourse in Sakai|English||
8/16/2012 11:56:34|tanders6|LLRO 13186-03|Price of Sugar|PriceOfSugar.mov||5|5||10/15/2012||||Yes|||Yes - I'll enter titles now|Both Concourse and Concourse in Sakai|||
8/16/2012 12:04:41|tanders6|LLRO 13186-03|Crude|D03735_Crude.mov||3|3||9/20/2012|Spanish|Yes|Yes|No||Notre Dame, Hesburgh Library Audio Center DVD (D 03735 )|Yes - I'll enter titles now|Both Concourse and Concourse in Sakai|English||
8/16/2012 12:21:13|tanders6|LLRO 13186-03|Men with Guns|MenWithGuns.mov||2|2||9/10/2012|Spanish|Yes|Yes|No||Notre Dame, Hesburgh Library Audio Center DVD (D 06334 )|Yes - I'll enter titles now|Both Concourse and Concourse in Sakai|English||
8/16/2012 15:26:55|itorranc |CLAS 30025-01|The Others|Others.mov||1|1|Completed|8/21/2012||||Yes|||Yes - I'll enter titles now|Concourse|||
8/16/2012 15:29:49|itorranc |CLAS 30025-01|O Brother Where Art thou|OBrotherWhereArtThou.mov||2|2||9/11/2012||||Yes|||Yes - I'll enter titles now|Concourse|||
8/17/2012 10:42:05|wjackson|FTT 40413-01 (19106)|Metropolis|D04457_The_Complete_Metropolis.mov||1|1|Completed|8/21/2012|English|No|Yes|No||I would like the version with the bonus material-  Stills and design info included.|Yes - I'll enter titles now|Concourse in Sakai|none||
8/17/2012 10:46:10|wjackson|FTT 40413-01 (19106) |Modern Times|D01700_Modern_Times.mov||1|1|Completed|8/21/2012|English|No|Yes|No||Criterion Collection version Record No ndu_aleph002702869|Yes - I'll enter titles now|Concourse in Sakai|none||
8/17/2012 10:46:36|gsieber|FTT30462|House Explosion|WNDU_House_Explosion_InValparaiso.mov and WNDU_HouseExplosion_ClayTownship.mov||3|3|Completed|9/15/2012||||Yes|||Yes - I'll enter titles now|Concourse in Sakai|||
8/17/2012 10:47:32|gsieber|FTT30462|Wallaby Escape|WNDU_Wallaby_Escape.mov||3|3|Completed|9/30/2012||||Yes|||Yes - I'll enter titles now|Concourse in Sakai|||
8/17/2012 10:48:04|gsieber|FTT30462|WNIT Fire|WNDU_Fire_At_WNIT.mov||2|2|Completed|9/15/2012||||Yes|||Yes - I'll enter titles now|Concourse in Sakai|||
8/17/2012 15:37:18|sohmer|FTT 40501|Primary |D00387_Primary.mov||2|2|Completed|9/6/2012|English|No|Yes|No||DVD D 00387  |Yes - I'll enter titles now|Concourse in Sakai|No subtitles| it is in English|
8/17/2012 15:38:16|sohmer|FTT 40501|Journeys with George|D00241_Journeys_With_George.mov||2|2|Completed|9/6/2012|English|No|Yes|No||DVD 00241  Full screen presentation|Yes - I'll enter titles now|Concourse in Sakai|None||
8/17/2012 15:38:16|sohmer|FTT 40501|All the President's Men|D05511_All_The_Presidents_Men.mov||4|4|Completed|10/2/2012|English|No|Yes|No||DVD 05511  WIDESCREEN PRESENTATION, please|Yes - I'll enter titles now|Concourse in Sakai|none||
8/17/2012 15:40:44|sohmer|FTT 40501|The War Room|D09464_The_War_Room.mov||5|5|Completed|10/26/2012|English|No|Yes|No||DVD 09464  The Criterion Edition, please. |Yes - I'll enter titles now|Concourse in Sakai|none||
8/17/2012 15:42:01|sohmer|FTT 40501|Wag the Dog|D04596_Wag_The_Dog.mov||6|6|Completed|11/8/2012|English|No|Yes|No||DVD  D 04596  WIDESCREEN VERSION ONLY|Yes - I'll enter titles now|Concourse in Sakai|none||
8/18/2012 15:04:50|cperry|ROFR 30720 - 01|1)        Dangerous Liaisons|D03163_Dangerous_Liasons.mov||2|2|Completed|8/29/2012||||Yes|||Yes - I'll enter titles now|Concourse|||
8/18/2012 15:07:30|cperry|ROFR 30720 - 01|The Hedgehog|D10074_Hedgehog_(FrenchWithEngSubs).mov||5|5||10/31/2012|French|Yes|Yes|No||DVD (D 10074) Please use this version which has English subtitles. My students need the video with subtitles (there is another version of this movie without subtitles, and it won't work for my students). Thank you. |Yes - I'll enter titles now|Concourse|English||
8/18/2012 15:09:46|cperry|ROFR 40851 - 01|Muslims|D03911_Muslims.mov||1|1|Completed|8/23/2012|English|Yes|Yes|No||DVD (D 03911) Re: subtitles, I want them if they are already included in the film for languages other than English.|Yes - I'll enter titles now|Concourse|English||
8/18/2012 15:10:51|cperry|ROFR 40851 - 01|Islam, empire of faith|D03922_Islam_Emprie_Of_Faith.mov||1|1|Completed|8/23/2012|English|Yes|Yes|No||DVD (D 03922)|Yes - I'll enter titles now|Concourse|English||
8/18/2012 15:11:25|cperry|ROFR 40851 - 01|Le Grand Voyage|D03038_Le_Grand_Voyage.mov||5|5||10/15/2012||||Yes|||Yes - I'll enter titles now|Concourse|||
7/17/2012 16:30:52|kibsen|ROSP 37825-01|Maria Calendaria|D01302_Maria_Caldendaria_SpanishAudio.mov||2|2|Completed|9/11/2012|Spanish|Yes|Yes|No||S735-106 VC The library seems to own another copy but this is the only one I see listed with English subtitles.|Yes - I'll enter titles now|Concourse - PR|||
8/18/2012 18:13:34|cperry|ROFR 30720 - 01|Camille|D06619_Camille.mov||3|3||9/30/2012|English|No|Yes|No||Please copy the DVD: Warner Home Video, 2005. Hesburgh Library Audio Center DVD (D 06619)|Yes - I'll enter titles now|Concourse|English||
8/18/2012 19:44:18|cjerezfa|ROSP 30720 - 02|Women on the verge of a nervous breakdown|D00180_Women_On_The_Nervous_Breakdown_(SpanishWithEngSubs).mov||7|7||11/20/2012|Spanish with English subtitles|Yes|Yes|Not sure||D 00180 |Yes - I'll enter titles now|Concourse|English||
8/18/2012 19:48:03|cjerezfa|ROSP 40422|Viridiana (by L. Bunuel)|D01411_Viridiana_(SpanishWithEngSubs).mov||3|3||9/25/2012|English|Yes|Yes|No||Viridiana by Luis Buñuel. D 01411|Yes - I'll enter titles now|Concourse|English||
8/18/2012 19:48:03|cjerezfa|ROSP 40422|Jamon, Jamon (by Bigas Luna),|D04712_Jamon_Jamon_(SpanishWithEngSubs).mov||3|3||9/25/2012|English|Yes|Yes|No||Hable con ella, (Talk to her) by Pedro Almodóvar.    D 00180 |||||
8/18/2012 19:48:03|cjerezfa|ROSP 40422|Talk to her (by Almodovar). |D00172_Talk_To_Her_(SpanishWithEnglSubs).mov||3|3||9/25/2012|English|Yes|Yes|No||Jamón, jamón, by Bigas Luna.   D 04712|||||
8/19/2012 11:02:55|rschafe2|EE 41430-01|Genius of Design|GeniusOfDesign1.mov GeniusOfDesign2.mov GeniusOfDesign3.mov GeniusOfDesign4.mov GeniusOfDesign5.mov||1|1|Completed|8/23/2012||||Yes|||Yes - I'll enter titles now|Concourse in Sakai|||
8/19/2012 11:39:46|mmorenoa|ROSP 40875-01|Chicano! Part 2: The Struggle in the Fields|M611-4VCEP2_Chicano_Part2_TheStruggleInTheFields.mov||1|1||8/28/2012||||Yes|||Yes - I'll enter titles now|Concourse|||
8/19/2012 11:42:31|mmorenoa|ROSP 40875-01|Precious Knowledge|D10015_Precious_Knowledge.mov||2|2||9/4/2012|English|No|Yes|No||D 10015|Yes - I'll enter titles now|Concourse|English||
8/19/2012 11:46:53|mmorenoa|ROSP 40875-01|De nadie (Border Crossing)|DeNadie.mov||4|4||10/13/2012||||Yes|||Yes - I'll enter titles now|Concourse|||
8/19/2012 11:50:21|mmorenoa|ROSP 40875-01|Chicago's Puerto Rican Story|D03137_ChicagosPuertoRicanStory.mov||3|3||9/17/2012||||Yes|||Yes - I'll enter titles now|Concourse|||
8/19/2012 11:51:29|mmorenoa|ROSP 40875-01|My American Girls|D04915_MyAmericanGirls.mov||5|5||10/20/2012||||Yes|||Yes - I'll enter titles now|Concourse|||
8/19/2012 11:52:22|mmorenoa|ROSP 40875-01|Voces nocentes (Innocent Voices)|D04828_VocesInocentes_InnocentVoices(SpanishWithEnglishSubtitles).mov||7|7||11/15/2012||||Yes|||Yes - I'll enter titles now|Concourse|||
8/19/2012 11:58:27|mmorenoa|ROSP 30820-02|Calle 13-Sin mapa|D09986_CALLE13_Sin_Mapa.mov||7|7||11/15/2012|Spanish|Yes|Yes|No||D 09986|Yes - I'll enter titles now|Concourse|English if available, if not, Spanish||
8/19/2012 13:04:39|cperry|ROFR 30720 - 01|Chéri|D03162_Cheri.mov||4|4||10/1/2012|English|No|Yes|No||Hesburgh Library Audio Center DVD (D 03162 )|Yes - I'll enter titles now|Concourse|English||
8/20/2012 7:20:30|rschafe2|EE 41430-01|The Deep Dive|DeepDive.mov||1|1|Completed|8/27/2012||||Yes|||Yes - I'll enter titles now|Concourse in Sakai|||
7/17/2012 16:34:15|kibsen|ROSP 37825-01|Garage Olimpo|D00905_Garage_Olimpo_Desaparecidos_(SpanishNoSubs).mov|D00905|5|5||10/23/2012|Spanish|Yes|Yes|No|| D 00905|Yes - I'll enter titles now|Concourse -Pr|Spanish if possible||
7/17/2012 16:38:33|kibsen|ROSP 37825-01|The Night of the Pencils (La noche de los lapices)|V03500_La_Noche_De_Los_Lapices_The_Night_of_The_Pencils_(SpanishWithEnglishSubs).mov|V03500|5|5||10/23/2012|Spanish|Yes|Yes|No|| V 03500 I don't think this has subtitles.|Yes - I'll enter titles now|Concourse -Pr|||
7/17/2012 16:40:32|kibsen|LLRO13186 - 01 |Romero|Romero.mov|D06251|5|5||10/30/2012|English|No|Yes|No||D 06251|Yes - I'll enter titles now|Concourse -Pr|||
7/17/2012 16:44:19|kibsen|ROSP 37825-01|Strawberry and chocolate (Fresa y chocolate)|D03481_StrawberryAndChocolate(SpanishWithEnglishSubtitles).mov|D03481|4|4||10/9/2012|Spanish|Yes|Yes|No|| D 03481|Yes - I'll enter titles now|Concourse -Pr|||
8/20/2012 10:41:53|wmikelsc|ILS 30711 01 |Unnatural Causes|D04943_Unnatural_Causes_Episode1_In_Sickness_and_In_Wealth.mov D04943_Unnatural_Causes_Episode2_When_the_Bough_Breaks.mov D04943_Unnatural_Causes_Episode3_Becoming_American.mov D04943_Unnatural_Causes_Episode4_Bad_Sugar.mov D04943_Unnatural_Causes_Episode5_Place_Matters.mov D04943_Unnatural_Causes_Episode6_Collateral_Damage.mov D04943_Unnatural_Causes_Episode7_Not_Just_a_Paycheck.mov D04943_Unnatural_Causes_Introduction.mov||2|2|Completed|9/12/2012|English|No|Yes|No||D 04943|Yes - I'll enter titles now|Concourse in Sakai|none||
8/20/2012 10:45:03|tanders6|LLRO 13186|The Borinqueneers|D06683_The_Borinqueneers.mov||7|7||11/20/2012|Spanish|Yes|Yes|No||Notre Dame, Hesburgh Library Audio Center DVD (D 06683 |Yes - I'll enter titles now|Both Concourse and Concourse in Sakai|English||
8/20/2012 11:16:49|pbutler1|AMST 30134|Mean Girls|D04853_Mean_Girls.mov||3|3||9/17/2012|English|Yes|Yes|No||D 04853|Yes - I'll enter titles now|Concourse in Sakai|English||
8/20/2012 11:18:02|pbutler1|AMST 30134|Juno|D05926_Juno.mov||4|4||10/10/2012|English|Yes|Yes|No||D 05926|Yes - I'll enter titles now|Concourse in Sakai|English||
8/20/2012 11:18:47|pbutler1|AMST 30134|Waitress|D06514_Waitress.mov||4|4||10/10/2012|English|Yes|Yes|No||D 06514|Yes - I'll enter titles now|Concourse in Sakai|English||
8/20/2012 11:20:48|pbutler1|AMST 30134|Sex and the City 2|||3|3||9/24/2012|English|Yes|No|No||ASIN: B002ZG98Z0|Yes - I'll enter titles now|Concourse in Sakai|English||
8/20/2012 11:23:11|pbutler1|AMST 30187|Women in Cages|||6|6||11/1/2012|English|Yes|No|No||1971. Dir. by Gerardo de León. Produced by Roger Corman.|Yes - I'll enter titles now|Concourse in Sakai|English||
8/20/2012 11:24:21|pbutler1|AMST 30187|Harold and Kumar Escape from Guantanamo Bay|||6|6||11/1/2012|English|Yes|No|No||ASIN: B0017ANAX6|Yes - I'll enter titles now|Concourse in Sakai|English||
8/20/2012 13:25:23|tboes|GE 13186 - 01|Heimat|D03264_HEIMAT_DISC1_EP00_Intro.mov D03264_HEIMAT_DISC1_EP01.mov D03264_HEIMAT_DISC2_EP02.mov D03264_HEIMAT_DISC2_EP03.mov D03264_HEIMAT_DISC3_EP04.mov D03264_HEIMAT_DISC3_EP05.mov D03264_HEIMAT_DISC3_EP06.mov D03264_HEIMAT_DISC4_EP07.mov D03264_HEIMAT_DISC4_EP08.mov D03264_HEIMAT_DISC5_EP09.mov D03264_HEIMAT_DISC6_EP10.mov D03264_HEIMAT_DISC6_EP11.mov||5|5||10/25/2012|German|Yes|Yes|No||ND Catalog Number: DVD D03264 Please note: this is a mini-series, not a film.  I would ideally like to see the entire series digitized, but at a minimum will need the first 8 episodes (corresponds to DVD 1-4 of 6). Language of series is German, and English subtitles will need to be enabled during capture.|Yes - I'll enter titles now|Concourse in Sakai|English||
8/20/2012 14:52:51|gramsey1|CSEM 23101 - 08|Brokeback Mountain|BrokebackMountain.mov||5|5||10/1/2012|English|No|Yes|No||Hesburgh Library Audio Center DVD (D 04522 )|Yes - I'll enter titles now|Concourse in Sakai|English||
8/20/2012 20:05:37|molivera|ROSP 30310.03|The House of Bernarda Alba Audio Center DVD|D01497_La_Casade_Bernarda_Alba.mov||1|1|Completed|8/24/2012||||Yes||D 01497 or (V 02030 )|Yes - I'll enter titles now|Concourse|||
8/20/2012 20:19:25|molivera|ROSP 63976.01|Tango! Audio Center DVD|D09379_Tango.mov||1|1|Completed|8/24/2012|Spanish|Yes|Yes|No||Tango!  D 09379 AV In-House Use Only |Yes - I'll enter titles now|Concourse|English||
8/21/2012 0:14:01|dsportie|PHIL 10101 - 05|Three Hundred -300|300.mov||1|1|Completed|8/29/2012|English|No|Yes|No||Zach Snyder, 2006.|Yes - I'll enter titles now|Concourse in Sakai|N/A||
8/21/2012 0:15:31|dsportie|PHIL 10101 - 05|The Matrix|D07999_The_Matrix.mov||||Completed|10/24/2012|English|No|Yes|No||Andy and Larry Wachowski, 1999.|Yes - I'll enter titles now|Concourse in Sakai|N/A||
8/21/2012 0:16:37|dsportie|PHIL 10101 - 05|Fight Club|D03073_Fight_Club.mov||||Completed|11/7/2012|English|No|Yes|No||David Fincher, 1999.|Yes - I'll enter titles now|Concourse in Sakai|N/A||
8/21/2012 0:17:44|dsportie|PHIL 10101 - 05|The Mission|D04078_The_Mission.mov||||Completed|11/14/2012|English|No|Yes|No||Roland Joffé, 1986.|Yes - I'll enter titles now|Concourse in Sakai|N/A||
8/21/2012 0:18:25|dsportie|PHIL 10101 - 05|The Tree of Life|D08841_The_Tree_Of_Life.mov||||Completed|11/28/2012|English|No|Yes|No||Terrence Malick, 2011.|Yes - I'll enter titles now|Concourse in Sakai|N/A||
8/21/2012 0:38:49|jdouthwa|ROFR 30710|The Eternal Return (L'Eternel retour)|D02331_L_ETERNEL_RETOUR.mov||||Completed|11/1/2012|French|Yes|Yes|No||D 02331 AV In-House Use Only |Yes - I'll enter titles now|Concourse in Sakai|English||
8/21/2012 0:41:46|jdouthwa|ROFR 63433|Jacques the fatalist and his master / Jacques le fataliste et son maitre|D09374_JacquesLeFataliste(FrenchWithNoSubtitles)Part1of2.mov D09374_JacquesLeFataliste(FrenchWithNoSubtitles)Part2of2.mov||||Completed|9/10/2012||||Yes|||Yes - I'll enter titles now|Concourse in Sakai|||
8/21/2012 0:43:33|jdouthwa|ROFR 63433| Blue Beard / Barbe bleue|D01286_Bluebeard.mov||||Completed|9/10/2012|French|Yes|Yes|No||D 01286 AV In-House Use Only |Yes - I'll enter titles now|Concourse in Sakai|English||
8/21/2012 0:46:25|jdouthwa|ROFR 63433|Red and the Black / Le Rouge et le noir|D0797_Red_And_The_Black_Part1of2_(FrenchWithEnglSubs).mov and D0797_Red_And_The_Black_Part2of2_(FrenchWithEnglSubs).mov||||Completed|10/1/2012|French|Yes|Yes|No||D 07917 AV In-House Use Only |Yes - I'll enter titles now|Concourse in Sakai|English||
8/21/2012 0:59:17|jdouthwa|ROFR 30710|Barbe bleue / Blue Beard|D01286_Bluebeard.mov||||Completed|9/1/2012|French|Yes|Yes|No||D 01286 AV In-House Use Only |Yes - I'll enter titles now|Concourse in Sakai|English||
8/21/2012 1:02:27|jdouthwa|ROFR 30710|Wonder Woman, part 2 ; Episode 6. Wonder Woman vs. Gargantua!|D06986_Wonder_Woman_S01E06_Gargantua.mov||||Completed|9/10/2012|English|No|Yes|No||D 06986 AV In-House Use Only Please note that I only want one episode:  part 2 | Episode 6. Wonder Woman vs. Gargantua! ||Yes - I'll enter titles now|Concourse in Sakai|none
8/21/2012 8:26:26|rmckenn3|HIST 13184-07|The Fog of War|D05141_The_Fog_of_War.mov|||||10/23/2012||||Yes|||Yes - I'll enter titles now|Concourse in Sakai|||
8/21/2012 8:27:02|rmckenn3|HIST 13184-07|The King and I|KingAndI.mov|||||10/23/2012||||Yes|||Yes - I'll enter titles now|Concourse in Sakai|||
8/21/2012 8:29:36|rmckenn3|HIST 13184-07|Casablanca|Casablanca.mov||3|3||9/27/2012|English|No|Yes|No|||Yes - I'll enter titles now|Concourse in Sakai|n/a||
8/21/2012 10:42:17|cperry|ROFR 40851 - 01|Bab'aziz the prince who contemplated his soul|D04222_Bab_Aziz.mov|||||11/11/2012|English|Yes|Yes|No||Hesburgh Library Audio Center DVD (D 04222)|Yes - I'll enter titles now|Concourse|English||
8/21/2012 14:48:52|WJACKSON|FTT 40413-01 (19106) |The Cabinet of Dr. Caligari 1920 (Dir. Robert Wiene, P.D. Walter Reinmann, Walter Röhrig Hermann Warm)08.28.12:|D08145_CABINET_OF_DR_CALIGARI.mov||1|1|Completed|8/28/2012|English|No|I don't know|Not sure||CRITERION IF AVAILABLE|Yes - I'll enter titles now|Concourse in Sakai|ENGLISH||
8/21/2012 14:50:14|WJACKSON|FTT 40413-01 (19106) |Black Narcissus 1947 (Michael Powell and Emeric Pressburger, P.D. Alfred Junge|D05803_BLACK_NARCISSUS.mov||1|1|Completed|8/28/2012|English|No|I don't know|No||CRITERION IF AVAILABLE|Yes - I'll enter titles now|Concourse in Sakai|ENGLISH||
8/21/2012 14:51:53|WJACKSON|FTT 40413-01 (19106) |Gone with the Wind 1939 (Dir. Victor Fleming, P.D. William Menzies)|D03094_Gone_With_The_Wind_Part1of2.mov and D03094_Gone_With_The_Wind_Part2of2||2|2|NOT completed but class cancelled|9/4/2012|English|No|I don't know|No||CRITERION IF AVAILABLE|Yes - I'll enter titles now|Concourse in Sakai|ENGLISH||
8/21/2012 14:53:46|WJACKSON|FTT 40413-01 (19106)|Vertigo 1958 (Dir. Alfred Hitchcock, P.D. Henry Bumstead, Hal Pereira)|||2|2|NOT completed but class cancelled|9/11/2012|English|No|I don't know|No||CRITERION IF AVAILABLE|Yes - I'll enter titles now|Concourse in Sakai|ENGLISH||
8/21/2012 14:55:01|WJACKSON|FTT 40413-01 (19106)|Ben-Hur 1958 (Dir. William Wyler, P.D. Vittorio Valentini)|||2|2|NOT completed but class cancelled|9/11/2012|English|No|I don't know|No||CRITERION IF AVAILABLE|Yes - I'll enter titles now|Concourse in Sakai|ENGLISH||
8/21/2012 14:56:12|WJACKSON|FTT 40413-01 (19106)|Dr No.1962 (Dir. Terence Young, P.D. Ken Adam)|||3|3|NOT completed but class cancelled|9/18/2012|English|No|I don't know|Not sure||CRITERION IF AVAILABLE|Yes - I'll enter titles now|Concourse in Sakai|ENGLISH||
8/21/2012 14:57:18|WJACKSON|FTT 40413-01 (19106)|Dr. Strangelove or: How I Learned to Stop Worrying and Love the Bomb 1964 (Dir. Stanley Kubrick, P.D. Ken Adam)|||3|3|NOT completed but class cancelled|9/18/2012|English|No|I don't know|Not sure||CRITERION IF AVAILABLE|Yes - I'll enter titles now|Concourse in Sakai|ENGLISH||
8/21/2012 14:58:44|WJACKSON|FTT 40413-01 (19106)|Chinatown 1974 (Dir. Roman Polanski, P.D. Richard Sylbert)|||4|4|NOT completed but class cancelled|10/9/2012|English|No|I don't know|No||CRITERION IF AVAILABLE|Yes - I'll enter titles now|Concourse in Sakai|ENGLISH||
8/21/2012 14:59:39|WJACKSON|FTT 40413-01 (19106)|Godfather Part II 1944 (Dir. Francis Ford Coppola, P.D. Dean Tavoularis)|||4|4|NOT completed but class cancelled|10/9/2012|English|No|I don't know|Not sure||CRITERION IF AVAILABLE|Yes - I'll enter titles now|Concourse in Sakai|ENGLISH||
8/21/2012 15:01:05|WJACKSON|FTT 40413-01 (19106)|Blade Runner 1982 (Dir. Ridley Scott, P.D. Lawrence Paul)|||5|5|NOT completed but class cancelled|10/23/2012|English|No|I don't know|No||CRITERION IF AVAILABLE|Yes - I'll enter titles now|Concourse in Sakai|ENGISH||
8/21/2012 15:02:11|WJACKSON|FTT 40413-01 (19106)|Brazil 1985 (Dir. Terry Gilliam, P.D. Norman Garwood)|||5|5|NOT completed but class cancelled|10/23/2012|English|No|I don't know|Not sure||CRITERION IF AVAILABLE|Yes - I'll enter titles now|Concourse in Sakai|ENGLISH||
8/21/2012 15:03:18|WJACKSON|FTT 40413-01 (19106)|The Abyss 1989 (Dir. James Cameron, P.D. Les Dilley)|||5|5|NOT completed but class cancelled|10/30/2012|English|No|I don't know|Not sure||CRITERION IF AVAILABLE|Yes - I'll enter titles now|Concourse in Sakai|ENGLISH||
8/21/2012 15:04:37|WJACKSON|FTT 40413-01 (19106)|Glory 1989 (Dir. Edward Zwick, P.D. Norman Garwood)|||5|5|NOT completed but class cancelled|10/30/2012|English|No|I don't know|Not sure||CRITERION IF AVAILABLE|Yes - I'll enter titles now|Concourse in Sakai|ENGLISH||
8/21/2012 15:05:54|WJACKSON|FTT 40413-01 (19106)|Titanic 1997 (Dir. James Cameron, P.D. Peter Lamont)|||6|6|NOT completed but class cancelled|11/6/2012|English|No|I don't know|No||CRITERION IF AVAILABLE|Yes - I'll enter titles now|Concourse in Sakai|ENGLISH||
8/21/2012 15:07:33|WJACKSON|FTT 40413-01 (19106)|Crouching Tiger, Hidden Dragon 2000 (Dir. Ang Lee, P.D. Tim Yip|||6|6|NOT completed but class cancelled|11/13/2012|CHINESE|Yes|I don't know|Not sure||CRITERION IF AVAILABLE|Yes - I'll enter titles now|Concourse in Sakai|ENGLISH||
8/21/2012 15:08:52|WJACKSON|FTT 40413-01 (19106)|Lord of the Rings: Return of the King 2003 (Dir. Peter Jackson P.D. Grant Major)|||6|6|NOT completed but class cancelled|11/13/2012|English|No|I don't know|Not sure||CRITERION IF AVAILABLE|Yes - I'll enter titles now|Concourse in Sakai|ENGLISH||
8/21/2012 15:10:14|WJACKSON|FTT 40413-01 (19106)|Hugo 2011(Dir. Martin Scorsese, P.D. Dante Feretti)|||7|7|NOT completed but class cancelled|11/20/2012|English|No|I don't know|No||CRITERION IF AVAILABLE|Yes - I'll enter titles now|Concourse in Sakai|ENGLSH||
8/21/2012 15:11:35|WJACKSON|FTT 40413-01 (19106)|Avatar 2009(Dir. James Cameron, P.D. Rick Carter)|||7|7|NOT completed but class cancelled|11/20/2012|English|No|I don't know|Not sure||CRITERION IF AVAILABLE|Yes - I'll enter titles now|Concourse in Sakai|ENGLISH||
8/21/2012 15:12:54|WJACKSON|FTT 40413-01 (19106)|Being John Malcovich 1999 (Dir. Spike Jones, P.D. K.K. Barrett)|||7|7|NOT completed but class cancelled|11/27/2012|English|No|I don't know|Not sure||CRITERION IF AVAILABLE|Yes - I'll enter titles now|Concourse in Sakai|ENGLISH||
8/21/2012 15:14:11|WJACKSON|FTT 40413-01 (19106)|Synecdoche, New York 2009 (Dir. Charlie Kaufman, P.D. Mark Friedberg)|||7|7|NOT completed but class cancelled|11/27/2012|English|No|I don't know|Not sure||CRITERION IF AVAILABLE|Yes - I'll enter titles now|Concourse in Sakai|ENGLISH||
8/21/2012 16:46:19|knishika|ENGL 40817|Training Day|D03185_Training_Day.mov||5|5|Completed|10/31/2012|English|No|Yes|No||Title has already been digitized, per note sent by Patrick Rader.|Yes - I'll enter titles now|Concourse in Sakai|N/A||
8/22/2012 13:22:10|alangenk|SOC 10002-01|The Namesake (English with some subtitles)|Namesake.mov|D00843|||Completed|9/6/2012||||Yes|||Yes - I'll enter titles now|Concourse in Sakai|||
8/20/2012 18:16:15|miwanick|PHILO 20801 01|Water D 04951|D04950_Earth.mov||1|1|Completed|8/23/2012||||Yes|||Yes - I'll enter titles now|Concourse|||
8/20/2012 18:19:01|miwanick|PHILO 20801 01|Earth D 04950|D04951_Water_(HindiWithEngSubs).mov||1|1|Completed|8/23/2012|Hindu|Yes|Yes|Not sure||D 04950|Yes - I'll enter titles now|Concourse|English||
8/20/2012 18:20:00|miwanick|PHILO 20801 01|Born into Brothels D 04176|D04176_Born_Into_Brothels.mov||1|1|Completed|8/23/2012||||Yes|||Yes - I'll enter titles now|Concourse|||
8/20/2012 18:21:22|miwanick|PHILO 20801 01|Spring, Summer, Fall, Winter and…Spring D 04245|D04245_Spring_Summer_Fall_Winter_And_Spring_(KorenWithEnglishSubs).mov||1|1|Completed|8/23/2012|Korean|Yes|Yes|No||D 04245|Yes - I'll enter titles now|Concourse|English||
8/20/2012 18:22:10|miwanick|PHILO 20801 01|Minority Report D 06779|D06779_Minority_Report.mov||1|1|Completed|8/23/2012||||Yes|||Yes - I'll enter titles now|Concourse|||
8/20/2012 18:23:38|miwanick|PHILO 20801 01|Prestige D 05384|D05384_The_Prestige.mov||1|1|Completed|8/23/2012|English|No|Yes|Not sure||D 05384|Yes - I'll enter titles now|Concourse|None||
8/20/2012 18:24:43|miwanick|PHILO 20801 01|True Grit D 08761|D08761_True_Grit.mov||1|1|Completed|8/23/2012|English|No|Yes|No||D 08761|Yes - I'll enter titles now|Concourse|None||
8/20/2012 18:25:19|miwanick|PHILO 20801 01|Eternal Sunshine of the Spotless Mind D 03359|D03359_Eternal_Sunshine_Of_The_Spotless_Mind.mov||1|1|Completed|8/23/2012||||Yes|||Yes - I'll enter titles now|Concourse|||
8/20/2012 18:26:16|miwanick|PHILO 20801 01|Winter’s Bone D 03379|D03379_Winters_Bone.mov||1|1|Completed|8/23/2012|English|No|Yes|No||D 03379|Yes - I'll enter titles now|Concourse|None||
8/20/2012 18:27:19|miwanick|PHILO 20801 01|The Diving Bell and the Butterfly D 06368|D06368_The_Diving_Bell_And_The_Butterfly_(FrenchWithEngSubs).mov||1|1|Completed|8/23/2012|French|Yes|Yes|No||D 06368|Yes - I'll enter titles now|Concourse|English||
8/20/2012 18:28:23|miwanick|PHILO 20801 01|Edge of Heaven D 00130|D00130_The_Edge_Of_Heaven.mov||1|1|Completed|8/23/2012|Turkish|Yes|Yes|No||D 00130|Yes - I'll enter titles now|Concourse|English||
8/20/2012 18:29:18|miwanick|PHILO 20801 01|Rabbit Hole D 05079|D05079_Rabbit Hole.mov||1|1|Completed|8/23/2012|English|No|Yes|No||D 05079|Yes - I'll enter titles now|Concourse|None||
8/20/2012 18:30:15|miwanick|PHILO 20801 01|Bright Star D 01495|D01495_Bright_Star.mov||1|1|Completed|8/23/2012|English|No|Yes|No||D 01495|Yes - I'll enter titles now|Concourse|None||
8/20/2012 18:31:18|miwanick|PHILO 20801 01|The Crying Game D 04090|D04090_The_Crying_Game.mov||1|1|Completed|8/23/2012|English|No|Yes|No||D 04090|Yes - I'll enter titles now|Concourse|None||
8/20/2012 18:32:12|miwanick|PHILO 20801 01|Hunger D 04777|D04777_Hunger.mov||1|1|Completed|8/23/2012|English|No|Yes|No||D 04777|Yes - I'll enter titles now|Concourse|None||
8/20/2012 18:33:41|miwanick|PHILO 20801 01|Darjeeling Limited D 00445|D00445_The_Darjeeling_Limited.mov||1|1|Completed|8/23/2012|English|No|Yes|Not sure||D 00445|Yes - I'll enter titles now|Concourse|None||
8/20/2012 18:34:41|miwanick|PHILO 20801 01|Le Grand Voyage D 03038|D03038_Le_Grand_Voyage_(FrenchWithEngSubs).mov||1|1|Completed|8/23/2012|French|Yes|Yes|No||D 03038|Yes - I'll enter titles now|Concourse|English||
8/20/2012 18:35:43|miwanick|PHILO 20801 01|The Royal Tenenbaums: D 00443|D00443_The_Royal_Tenenbaums.mov||1|1|Completed|8/23/2012|English|No|Yes|No||D 00443|Yes - I'll enter titles now|Concourse|None||
8/20/2012 18:37:31|miwanick|PHILO 20801 01|Touching the void D 08423|D08423_Touching_The_Void.mov||1|1|Completed|8/23/2012|English|No|Yes|No||D 08423|Yes - I'll enter titles now|Concourse|None||
8/20/2012 18:38:32|miwanick|PHILO 20801 01|Into the Wild D 05597|D05597_Into_The_Wild.mov||1|1|Completed|8/23/2012|English|No|Yes|No||D 05597|Yes - I'll enter titles now|Concourse|None||
8/20/2012 18:39:26|miwanick|PHILO 20801 01|Rosencrantz and Guildenstern Are Dead D 00742|D00742_Rosencrantz_And_Guildenstern.mov||1|1|Completed|8/23/2012|English|No|Yes|No||D 00742|Yes - I'll enter titles now|Concourse|None||
8/20/2012 18:41:07|miwanick|PHILO 20801 01|Painted Veil D 09656|D09656_Painted_Veil.mov||1|1|Completed|8/23/2012|English|No|Yes|No||D 09656|Yes - I'll enter titles now|Concourse|None||
8/20/2012 18:43:33|miwanick|PHILO 20801 01|A Separation D 09657|D09657_A_Seperation_(PersianWithEngSubs).mov||1|1|Completed|8/23/2012|Persian|Yes|Yes|No||D 09657|Yes - I'll enter titles now|Concourse|English||
8/20/2012 18:45:20|miwanick|PHILO 20801 01|What Dreams May Come |D09667_What_Dreams_May_Come.mov||1|1|Completed|8/23/2012|English|No|Yes|No||D 09667|Yes - I'll enter titles now|Concourse|None||
8/22/2012 16:40:34|tmille17|ENGL 20163 / STV 20263|Blade Runner|BladeRunner-FinalCut.mov||2|2||9/5/2012|English|Yes|Yes|No||"Audio Center DVD D 06421 (if multiple cuts of the film are on the disc, I would like ""The Final Cut,"" which should be the main cut if this edition is the version of the film used)"|Yes - I'll enter titles now|Concourse|English||
8/22/2012 16:43:05|tmille17|ENGL 20163 / STV 20263|Pan's Labyrinth (El laberinto del fauno)|PansLabyrinth.mov||2|2||10/18/2012|Spanish|Yes|Yes|No||Audio Center DVD D 02344|Yes - I'll enter titles now|Concourse|English||
8/23/2012 12:24:56|tmacleo1|IRLL 20114|Man of Aran|D03090_Man_Of_Aran.mov||2|2||9/3/20121|English|Yes|Yes|No||D03090|Yes - I'll enter titles now|Concourse|english||
8/23/2012 12:27:01|tmacleo1|IRLL 20114|Budawanny|D05864_Budawanny.mov||2|2||9/10/2012|English|Yes|Yes|No||D 05864|Yes - I'll enter titles now|Concourse|english||
8/21/2012 16:34:13|knishika|CSEM 23101 - 02|The Jazz Singer|D02170_The_Jazz_Singer.mov||1|1|Completed|8/29/2012|English|No|Yes|No||Title has already been digitized, per note sent by Patrick Rader.|Yes - I'll enter titles now|Concourse in Sakai|N/A||
8/21/2012 16:35:13|knishika|CSEM 23101 - 02|Zelig|D00156_Zelig.mov||2|2|Completed|9/5/2012|English|No|Yes|No||Title has already been digitized, per note sent by Patrick Rader.|Yes - I'll enter titles now|Concourse in Sakai|N/A||
8/21/2012 16:36:17|knishika|CSEM 23101 - 02|Joan Rivers: A Piece of Work|D06803_Joan_Rivers_A_Piece_of_Work.mov||3|3|Completed|9/26/2012|English|No|Yes|No||Title has already been digitized, per note sent by Patrick Rader.|Yes - I'll enter titles now|Concourse in Sakai|N/A||
8/21/2012 16:36:59|knishika|CSEM 23101 - 02|Wild Style|D00116_Wild_Style.mov||5|5|Completed|10/31/2012|English|No|Yes|No||Title has already been digitized, per note sent by Patrick Rader.|Yes - I'll enter titles now|Concourse in Sakai|N/A||
8/21/2012 16:37:48|knishika|CSEM 23101 - 02|Beats, Rhymes, and Life: The Travels of A Tribe Called Quest|D10071_Beats_Rhymes_and_Life_The_Travels_of_a_Tribe_Called_Quest.mov||5|5|Completed|10/31/2012|English|No|Yes|No||Title has already been digitized, per note sent by Patrick Rader.|Yes - I'll enter titles now|Concourse in Sakai|N/A||
8/21/2012 16:45:21|knishika|ENGL 40817|Nothing but a Man|D06118_Nothing_But_A_Man.mov||3|3|Completed|9/12/2012|English|No|Yes|No||Title has already been digitized, per note sent by Patrick Rader.|Yes - I'll enter titles now|Concourse in Sakai|N/A||
8/23/2012 12:28:38|tmacleo1|IRLL 20114|Graceville: The Connemaras in Minnesota|D05863_Graceville_The_Connemaras_In_Minnesota.mov||2|2||9/10/2012|English|Yes|Yes|No||D 05863|Yes - I'll enter titles now|Concourse|english||
8/23/2012 12:30:08|tmacleo1|IRLL 20114|The Informer|D03113_THE_INFORMER.mov||2|2||9/10/2012|English|No|Yes|No||D 03113|Yes - I'll enter titles now|Concourse|n/a||
8/23/2012 12:32:43|tmacleo1|IRLL 20114|Ondine|D04119_Ondine.mov||2|2||9/10/2012|English|No|Yes|No||D 04119|Yes - I'll enter titles now|Concourse|n/a||
8/23/2012 12:43:51|tmacleo1|IRLL 20114|Druid Synge|||2|2||9/10/2102|English|No|Yes|No||D 06880|Yes - I'll enter titles now|Concourse|n/a||
8/23/2012 12:47:33|tmacleo1|IRLL 20114|The secret of the kells|D05129_The_Secret_Of_Kells.mov||2|2||9/10/2012|English|Yes|Yes|No||D 05128|Yes - I'll enter titles now|Concourse|english||
8/27/2012 13:29:03|ralford|law-70435-01|International Arbitration - 6 DVD set|||2|2||Sept 6 for first 2 DVDs|English|No|Yes|No||I am submitting this request on behalf of Prof. Roger Alford. If there are any questions, please contact me at 631-3939. The DVDs (which are in the law library collection) were delivered to Patrick Rader last week. Many thanks! Dan Manier|Yes - I'll enter titles now|Concourse in Sakai|none rquired||
8/28/2012 9:32:07|doconnor|PHIL 20214 - 01|Proof|D05129_Proof.mov|D 05129|||Completed|8/31/2012||||Yes|||Yes - I'll enter titles now|Concourse in Sakai|||
8/28/2012 9:33:15|doconnor|PHIL 20214 - 01|Mind the Gap|MindTheGap.mov|||||9/7/2012||||Yes|||Yes - I'll enter titles now|Concourse in Sakai|||
8/28/2012 9:34:58|doconnor|PHIL 20214 - 01|The Hairdresser's Husband|HairdressersHusband.mov|||||9/21/2012||||Yes|||Yes - I'll enter titles now|Concourse in Sakai|||
8/28/2012 9:36:38|doconnor|PHIL 20214 - 01|Marilyn Hotchkiss' Ballroom Dance and Charm School|MarilynHotchkissBallroom.mov|||||11/2/2012||||Yes|||Yes - I'll enter titles now|Concourse in Sakai|||
8/28/2012 9:37:26|doconnor|PHIL 20214 - 01|The secret Lives of Dentists|SecretLivesOfDentists.mov|||||11/9/2012||||Yes|||Yes - I'll enter titles now|Concourse in Sakai|||
8/28/2012 9:38:17|doconnor|PHIL 20214 - 01|Tender Mercies|TenderMercies.mov|||||11/16/2012||||Yes|||Yes - I'll enter titles now|Concourse in Sakai|||
8/28/2012 9:38:58|doconnor|PHIL 20214 - 01|Pride and Prejudice|PrideAndPrejudice.mov or PrideAndPrejudice_1940.mov|||||11/30/2012||||Yes|||Yes - I'll enter titles now|Concourse in Sakai|||
8/28/2012 14:15:41|dsportie|PHIL 10101 - 05|The Dark Knight|D05383_The_Dark_Knight.mov||||Completed|9/14/2012|English|No|Yes|No||Christopher Nolan, 2008. D 05383|Yes - I'll enter titles now|Concourse in Sakai|N/A||
8/28/2012 19:27:21|Dgraff|HIST 30856|Life and times of rosie the riveter|D03041_The_Life_And_Times_of_Rosie_The_Riveter.mov||||Completed|8/31/2012|English|No|Yes|No||Audio Center DVD (Available) - D 03041|Yes - I'll enter titles now|Concourse and Concourse in Sakai|None||
8/28/2012 19:29:49|Dgraff|HIST 30856|At the river I stand|D00073_At_The_River_I_Stand.mov||||Completed|9/30/2012|English|No|Yes|No|| Audio Center DVD (Available) - D 00073|Yes - I'll enter titles now|Concourse and Concourse in Sakai|None||
7/18/2012 9:31:35|probert3|FTT10101|Sunset Boulevard|D08151_Sunset_Boulevard.mov|D08151|1|1|Completed|8/27/2012|English|No|Yes|No||D08151|Yes - I'll enter titles now|(Sakai - AT was added --- JJH)|||
7/18/2012 9:33:12|probert3|FTT10101|Sherlock Jr.|D04198_Sherlock_Jr.mov|D04198|2|2|Completed|9/3/2012|English|No|Yes|No||D04198|Yes - I'll enter titles now|(Sakai - AT was added --- JJH)|||
7/18/2012 9:34:00|probert3|FTT10101|Be kind rewind|BeKindRewind.mov|D03360|2|2|Completed|9/10/2012|English|No|Yes|Not sure||D03360|Yes - I'll enter titles now|(Sakai - AT was added --- JJH)|||
7/18/2012 9:34:47|probert3|FTT10101|Tootsie|D05783_Tootsie.mov|D05783|3|3|Completed|9/17/2012|English|No|Yes|No||D05783|Yes - I'll enter titles now|(Sakai - AT was added --- JJH)|||
7/18/2012 9:35:30|probert3|FTT10101|Soap Episode 1, season 1|D07383_Soap_S01E01.mov|D07383|3|3|Completed|9/15/2012|English|No|Yes|No||D07383|Yes - I'll enter titles now|(Sakai - AT was added --- JJH)|||
7/18/2012 9:37:44|probert3|FTT10101|singin' in the rain|D02714_Singin_In_The_Rain.mov|D02714|3|3|Completed|9/24/2012|English|No|Yes|No||D02714|Yes - I'll enter titles now|(Sakai - AT was added --- JJH)|||
7/18/2012 9:39:13|probert3|FTT10101|A STAR IS BORN (1954)|D02191_A_Star_Is_Born.mov|D02191|4|4|Completed|10/1/2012|English|No|Yes|No||D02191|Yes - I'll enter titles now|(Sakai - AT was added --- JJH)|||
7/18/2012 9:40:02|probert3|FTT10101|purple rose of cairo|D00163_The_Purple_Rose_Of_Cairo.mov|D00163|4|4|Completed|10/8/2012|English|No|Yes|Not sure||D00163|Yes - I'll enter titles now|(Sakai - AT was added --- JJH)|||
7/18/2012 9:40:54|probert3|FTT10101|bamboozled|D09566_Bamboozled.mov|D09566|5|5|Completed|10/22/2012|English|No|Yes|No||D09566|Yes - I'll enter titles now|(Sakai - AT was added --- JJH)|||
7/18/2012 9:42:09|probert3|FTT10101|Will and Grace, episode 4, season 2|D07470_Will_And_Grace_S02E04_Whose_Mom_Is_It_Anyway.mov|D07470|4|4|Completed|10/1/2012|English|No|Yes|No||D07470|Yes - I'll enter titles now|(Sakai - AT was added --- JJH)|||
7/18/2012 9:43:37|probert3|FTT10101|sullivan's travels|D06849_Sullivans_Travels_Movie.mov D06849_Sullivans_Travels_Rise_And_Fall.mov|D06849|5|5|Completed|10/29/2012|English|No|Yes|No||D06849 **Include special feature THE RISE AND FALL OF AN AMERICAN DREAMER, in a separate file is possible|Yes - I'll enter titles now|(Sakai - AT was added --- JJH)|||
7/18/2012 9:44:31|probert3|FTT10101|Eight and one Half|D02979_Eight_and_One_Half_ITLAUDIO_ENGLSUBS.mov|D02979|6|6|Completed|11/5/2012|Italian|Yes|Yes|No||D02979|Yes - I'll enter titles now|(Sakai - AT was added --- JJH)|||
7/18/2012 9:47:39|probert3|FTT10101|Man With a Movie Camera|D07929_The_Man_With_The_Movie_Camera.mov|D07929|6|6|Completed|11/1/2012|Russian|Yes|Yes|Not sure||D07929|Yes - I'll enter titles now|(Sakai - AT was added --- JJH)|||
7/18/2012 9:48:28|probert3|FTT10101|Who Framed Roger Rabbit|D08359_Who_Framed_Roger_Rabbit.mov|D08359|6|6|Completed|11/1/2012|English|No|Yes|No||D08359|Yes - I'll enter titles now|(Sakai - AT was added --- JJH)|||
7/18/2012 9:48:51|probert3|FTT10101|time indefinite|D04752_Time_Indefinate.mov|D04752|6|6|Completed|11/1/2012||||Yes|||Yes - I'll enter titles now|(Sakai - AT was added --- JJH)|||
7/18/2012 9:49:37|probert3|FTT10101|Super 8|D09019_Super_8.mov|D09019|6|6|Completed|11/1/2012|English|No|Yes|No||D09019|Yes - I'll enter titles now|(Sakai - AT was added --- JJH)|||
7/19/2012 17:25:00|kibsen|ROSP 37825-01|The Americas (selected chapters)|V00297_Americas_Part2.mov V00297_Americas_Part3.mov V00297_Americas_Part6.mov V00297_Americas_Part7.mov V00297_Americas_Part8.mov V00297_Americas_Part9.mov|V00297|1|1|Completed|Starting with ch. 7 on 8/21/2012||||Yes|||Yes - I'll enter titles now|Concourse |||
7/19/2012 17:41:59|kibsen|ROSP 37825-01|Buried Mirror|V03412_The_Buried_Mirror_Conflict_of_the_Gods_Program2.mov V03412_The_Buried_Mirror_The_Age_of_Gold_Program_3.mov V03412_The_Buried_Mirror_The_Price_of_Freedom_Program_4.mov V03412_The_Buried_Mirror_Unfinished_Business_Program_5.mov|V03412|1|1|Completed|Starting with ch. 2 on 9/20/2012|English|Yes|Yes|Not sure||I requested this for Fall 2012 LLRO-13186-01|Yes - I'll enter titles now|Concourse|||
7/19/2012 17:43:19|kibsen|ROSP 37825-01|The Americas (selected chapters)|V00297_Americas_Part2.mov V00297_Americas_Part3.mov V00297_Americas_Part6.mov V00297_Americas_Part7.mov V00297_Americas_Part8.mov V00297_Americas_Part9.mov|V00297|1|1|Completed|starting ch. 7 on 8/21/12|English|Yes|Yes|Not sure||I requested this item for LLRO-13186-01|Yes - I'll enter titles now|Concourse|||
8/2/2012 15:35:55|amarti20|HIST 30477-01|Danton |D09267_Danton_(FrenchNoSubs).mov and/OR D09267_Danton_(FrenchWithEnglSubs).mov||2|2|Completed|9/1/2012||||Yes|||Yes - I'll enter titles now|Concourse in Sakai|||
8/2/2012 15:38:57|amarti20|HIST 30477-01|Kolberg|D02417_Kolberg.mov|D02417|3|3|Completed|9/15/2012|German|Yes|Yes|No||D 02417|Yes - I'll enter titles now|Concourse in Sakai|English||
8/2/2012 15:39:36|amarti20|HIST 30477-01|Germinal|D01139_Germinal(FrenchWithEnglishSubtitles).mov||4|4|Completed|10/1/2012||||Yes|||Yes - I'll enter titles now|Concourse in Sakai|||
8/2/2012 15:45:34|amarti20|HIST 30477-01|The Leopard / Il gattopardo|D07964_The_Leopard.mov|D07964|5|5|Completed|10/15/2012|Italian|Yes|Yes|No||D 07964|Yes - I'll enter titles now|Concourse in Sakai|English||
8/2/2012 17:09:08|amatos|WR13300-06|The Social Network|D03076_The_Social_Network.mov|D03076|2|2|Completed|9/3/2012|English|Yes|Yes|No||Notre Dame, Hesburgh Library Audio Center DVD (D 03076 )|Yes - I'll enter titles now|Concourse in Sakai|||
8/2/2012 17:11:12|amatos|WR13300-06|The Dark Knight|D05383_The_Dark_Knight.mov|D05383|7|7|Completed|11/25/2012|English|Yes|Yes|No||Notre Dame, Hesburgh Library Audio Center DVD (D 05383 )|Yes - I'll enter titles now|Concourse in Sakai|||
8/2/2012 17:12:21|amatos|WR13300-06|Harry Potter and the sorcerer's stone|D02074_HarryPotterAndTheSorcerersStone.mov|D02074|5|5|Completed|10/5/2012|English|Yes|Yes|No||Notre Dame, Hesburgh Library Audio Center DVD (D 02074 )|Yes - I'll enter titles now|Concourse in Sakai|||
8/2/2012 17:15:29|amatos|WR13300-06|Spider-Man|D05875_Spider-Man.mov|D05875|6|6|Completed|11/12/2012|English|No|Yes|No||Notre Dame, Hesburgh Library Audio Center DVD (D 05875 )|Yes - I'll enter titles now|Concourse in Sakai|||
8/2/2012 17:23:08|amatos|WR13300-06|Will & Grace S01E01 and S02E01|D07470_Will_And_Grace_S01E01_Love_And_Marriage.mov and D07470_Will_And_Grace_S02E01_Whos_Not_Coming_To_Dinner.mov|D07470|2|2|Completed|9/8/2012|English|No|Yes|No||Notre Dame, Hesburgh Library Audio Center DVD (D 07470) S01E01 and S02E01|Yes - I'll enter titles now|Concourse in Sakai|||
8/3/2012 14:26:21|emcclint|SOC 20342|Kramer v Kramer|D08725_Kramer_vs_Kramer.mov||2|2||9/1/2012|English|No|I don't know|Not sure|||Yes - I'll enter titles now|(Sakai - AT was added --- JJH)|||
8/3/2012 14:27:43|emcclint|SOC 20342|Mickey Mouse Monopoly|D06863_Mickey_Mouse_Monopoly.mov||2|2||9/1/2012|English|No|I don't know|No|||Yes - I'll enter titles now|(Sakai - AT was added --- JJH)|||
8/3/2012 14:28:35|emcclint|SOC 20342|Waging a Living|AT LAW LIBRARY||2|2||9/8/2012|English|No|I don't know|No|||Yes - I'll enter titles now|(Sakai - AT was added --- JJH)|||
8/3/2012 14:29:29|emcclint|SOC 20342|The Pill|V02026_The_Pill.mov and/or V04087_The_Pill.mov||2|2||9/10/2012|English|No|I don't know|No|||Yes - I'll enter titles now|(Sakai - AT was added --- JJH)|||
8/3/2012 14:30:20|emcclint|SOC 20342|Let's Get Married|AT ST MARYS||3|3||9/15/2012|English|No|I don't know|No|||Yes - I'll enter titles now|(Sakai - AT was added --- JJH)|||
8/3/2012 14:31:10|emcclint|SOC 20342|Living Old|ELKHART LIBRARY||4|4||10/10/2012|English|No|I don't know|Not sure|||Yes - I'll enter titles now|(Sakai - AT was added --- JJH)|||
8/3/2012 20:10:39|jwarlick|PS20000-01-02|Yesterday, an HBO film |D09376_Yesterday.mov and/or D09376_Yesterday(ZuluWithEnglishSubtitles).mov||4|4||10/11/2012||||Yes|||Yes - I'll enter titles now||||
8/3/2012 20:11:53|jwarlick|PS20000-01-02|Harvest of Shame|D05245_Harvest_of_Shame.mov||4|4||10/13/2012||||Yes|||Yes - I'll enter titles now||||
8/3/2012 20:15:20|jwarlick|PS20000-01-02|The Prinicipal Story (Main Feature)|D09397_The_Principal_Story.mov||6|6||11/1/2012||||Yes|||Yes - I'll enter titles now||||
8/3/2012 20:17:47|jwarlick|PS20000-01-02|The First Grader (Main Feature)|TheFirstGrader_MainFeature.mov||6|6||11/1/2012||||Yes|||Yes - I'll enter titles now||||
8/3/2012 20:19:01|jwarlick|PS20000-01-02|The First Grader (Documentary Short))|TheFirstGrader_DocumentaryShort.mov||6|6||11/1/2012||||Yes|||Yes - I'll enter titles now||||
8/6/2012 12:03:43|emcclint|SOC 43377|The Life and Times of Rosie the Riveter|D03041_The_Life_And_Times_of_Rosie_The_Riveter.mov||1|1|Completed|8/24/2012|English|No|I don't know|No||Please post on Sakai.  Thanks!|Yes - I'll enter titles now|Sakai|||
8/6/2012 16:03:57|emcclint|SOC 43377|Juggling Work and Family|D06625_Juggling_Work_and_Family.mov||1|1|Completed|8/26/2012|English|No|I don't know|No|||Yes - I'll enter titles now|Sakai|||
8/6/2012 16:05:03|emcclint|SOC 43377|Juggling Work and Family|D06625_Juggling_Work_and_Family.mov||1|1|Completed|8/26/2012|English|No|I don't know|Not sure||Sakai, please.|Yes - I'll enter titles now|Sakai|||
8/7/2012 8:12:41|pclauss|||||||||||||||Maybe - not sure||||
8/7/2012 8:14:47|pclauss|||||||||||||||Yes - no titles yet||||
8/7/2012 10:18:06|aguising|POLS 20200 01 |The Fog of War|D05141_The_Fog_of_War.mov|D05141|3|3|Completed|9/23/2012|English|No|Yes|Not sure||Notre Dame, Hesburgh Library Audio Center DVD (D 05141)|Yes - I'll enter titles now|(Sakai - AT was added --- JJH)|||
8/7/2012 10:19:44|aguising|POLS 20200 01 |Thirteen Days |D02710_Thirteen_Days.mov|D02710|3|3|Completed|9/16/2012|English|No|Yes|Not sure||Notre Dame, Hesburgh Library Audio Center DVD (D 02710 )|Yes - I'll enter titles now|(Sakai - AT was added --- JJH)|||
8/7/2012 10:20:52|aguising|POLS 20200 01|Dr. Strangelove|D04393_DrStrangelove.mov||3|3|Completed|9/30/2012||||Yes|||Yes - I'll enter titles now|(Sakai - AT was added --- JJH)|||
8/7/2012 10:25:31|aguising|POLS 20200 01 |Darwin's Nightmare|D06308_Darwins_Nightmare.mov|D06308|4|4|Completed|10/1/2012|English|No|Yes|Not sure||Notre Dame, Hesburgh Library Audio Center DVD (D 06308)|Yes - I'll enter titles now|(Sakai - AT was added --- JJH)|||
8/7/2012 19:50:18|djorza|ROSP 30720-  01|"[""Red and black""] ROJO Y NEGRO (no official English translation yet; DVD available with the book ""Cine y Guerra Civil Española: del mito a la memoria"")"|DP2698M6S26_ROJO_Y_NEGRO.mov||4|4||10/13/2012|Spanish|Yes|Yes|No||Hesburgh Library, General Collection (Available) - DP 269.8 .M6 S26 2006 (In back of the book)|Yes - I'll enter titles now||||
8/7/2012 19:56:46|djorza|ROPS 30720 - 01|Land and Freedom|D04647_Land_And_Freedom.mov|D04647|4|4||10/13/2012|English|Yes|Yes|No||Audio Center, Audio Center DVD (Available) - D 04647|Yes - I'll enter titles now||||
8/7/2012 19:59:14|djorza|ROSP 30720 - 01| | SEE RANK Canciones para después de una guerra [no official English title]|D05571_Canciones_Para_Despues_De_Una_Guerra_SpanishAudio_EnglSubs.mov|D05571|6|6||11/1/2012|Spanish|Yes|Yes|No||Audio Center, Audio Center DVD (Available) - D 05571|Yes - I'll enter titles now|||
8/8/2012 15:49:27|itorranc|CLAS30025|Strauss - Elektra (2006, Metropolitan Opera)|V03791_Elektra_The_Metropolitan_Opera.mov||||On Order|10/2/2012|German|Yes|I don't know|No||I don't think so. I couldn't find this specific version in the catalog. I've asked our librarian David Sullivan to order a copy. He is out of the office until August 15th.|Yes - I'll enter titles now||||
8/7/2012 20:04:32|djorza|ROSP 30720 - 01|[The Executioner] / El verdugo|D01122_El_Verdugo_The_Executioner.mov|D01122|7|7||11/16/2012|Spanish|Yes|Yes|No||D 01122|Yes - I'll enter titles now||||
8/8/2012 15:21:18|itorranc|CLAS30025|The Others (Amenabar)|Others.mov||1|1|Completed|8/21/2012||||Yes|||Yes - I'll enter titles now|Concourse|||
8/8/2012 15:23:05|itorranc|CLAS30025|Iphigenia (Cacoyannis)|Iphigenia.mov||2|2||9/11/2012||||Yes|||Yes - I'll enter titles now|Concourse|||
8/8/2012 15:25:37|itorranc|CLAS30025|O brother where art thou (Coen brothers)|OBrotherWhereArtThou.mov||2|2||9/11/2012||||Yes|||Yes - I'll enter titles now|Concourse|||
8/8/2012 15:26:59|itorranc|CLAS30025|300 (Zack Synder)|300.mov||2|2||9/11/2012||||Yes|||Yes - I'll enter titles now|Concourse|||
8/8/2012 15:27:59|itorranc|CLAS30025|Oedipus Rex (Edipo Re), Pasolini|OedipusRex.mov||2|2||9/11/2012||||Yes|||Yes - I'll enter titles now|Concourse|||
8/8/2012 15:28:41|itorranc|CLAS30025|Troy (Wolfgang Petersen)|Troy.mov||2|2||9/11/2012||||Yes|||Yes - I'll enter titles now|Concourse|||
8/8/2012 15:33:23|itorranc|CLAS30025|Antigone (Yorgos Javellas)|D09833_Antigone.mov||||On Order|10/2/2012|Greek (please use English subtitles)|Yes|No|Not sure||I have asked our librarian David Sullivan to order a copy. He is out of the office until August 15th.|Yes - I'll enter titles now||||
8/13/2012 15:44:42|mwilkens|||||||||||||||Maybe - not sure|Concourse in Sakai|||
8/13/2012 16:37:54|mkunicki|HIST 30990 - 01|All Quiet on the Western Front|AllQuietOnTheWesternFront.mov||1|1|Completed|8/21/2012||||Yes|||Yes - I'll enter titles now|Concourse|||
8/13/2012 16:40:33|mkunicki|HIST 30990 - 01|Bataan|Bataan.mov||1|1|Completed|8/21/2012||||Yes|||Yes - I'll enter titles now|Concourse|||
8/13/2012 16:42:19|mkunicki|HIST 30990 - 01|Decision Before Down|DecisionBeforeDawn.mov||1|1|Completed|8/21/2012||||Yes|||Yes - I'll enter titles now|Concourse|||
8/13/2012 16:43:54|mkunicki|HIST 30990 - 01|The Dam Busters|DamBusters.mov||1|1|Completed|8/21/2012||||Yes|||Yes - I'll enter titles now|Concourse|||
8/13/2012 16:46:37|mkunicki|HIST 30990 - 01|The Burmese Harp + Biruma no tategato|BurmeseHarp.mov||1|1|Completed|8/21/2012||||Yes|||Yes - I'll enter titles now|Concourse|||
8/13/2012 16:52:04|mkunicki|HIST 30990 - 01|Devils on the Doorstep + Gui zi lai le|DevilsOnTheDoorstep.mov||1|1|Completed|8/21/2012||||Yes|||Yes - I'll enter titles now|Concourse|||
8/13/2012 16:56:05|mkunicki|HIST 30990 - 01|Kanal + Kanal|Kanal.mov||1|1|Completed|8/21/2012||||Yes|||Yes - I'll enter titles now|Concourse|||
8/13/2012 16:57:52|mkunicki|HIST 30990 - 01|Paisa + Paisa|Paisan.mov||1|1|Completed|8/21/2012||||Yes|||Yes - I'll enter titles now|Concourse|||
8/13/2012 16:58:48|mkunicki|HIST 30990 - 01|Bataan|Bataan.mov||1|1|Completed|8/21/2012||||Yes|||Yes - I'll enter titles now|Concourse|||
8/13/2012 17:01:04|mkunicki|HIST 30990 - 01|Ivan's Childhood + Ivanovo detstvo|IvansChildhood.mov||1|1|Completed|8/21/2012||||Yes|||Yes - I'll enter titles now|Concourse|||
8/13/2012 17:05:47|mkunicki|HIST 30990 - 01|Come and See + Idi i smotri|ComeAndSee.mov||1|1|Completed|8/21/2012||||Yes|||Yes - I'll enter titles now|Concourse|||
8/13/2012 17:09:32|mkunicki|HIST 30990 - 01|Army of Shadows + L'armee des ombres |ArmyOfShadows.mov||1|1|Completed|8/21/2012||||Yes|||Yes - I'll enter titles now|Concourse|||
8/13/2012 17:12:03|mkunicki|HIST 30990 - 01|Lacombe, Lucien + Lacombe, Lucien|LacombeLucien.mov||1|1|Completed|8/21/2012||||Yes|||Yes - I'll enter titles now|Concourse|||
8/13/2012 17:14:25|mkunicki|HIST 30990 - 01|The Marriage of Maria Braun + Die Ehe der Maria Braun|MarriageOfMariaBraun.mov||1|1|Completed|8/21/2012||||Yes|||Yes - I'll enter titles now|Concourse|||
8/13/2012 17:18:07|mkunicki|HIST 30990 - 01|In Darkness + W ciemnosci|D09834_In_Darkness.mov||1|1|Completed|8/21/2012|Polish|Yes|Yes|No||D 09834 AV|Yes - I'll enter titles now|Concourse|English||
8/13/2012 21:45:34|gameriks|ROP 20237-01 and 02|Machuca|Machuca(SpanishNoSubtitles).mov and/or Machuca(SpanishWithEnglishSubtitles).mov|||||10/03/12-10/26/12||||Yes|||Yes - I'll enter titles now|Both Concourse and Concourse in Sakai|||
8/13/2012 21:49:14|gameriks|ROSP 20237 01- 02|Innocent Voices|D04828_VocesInocentes_InnocentVoices(SpanishWithEnglishSubtitles).mov|||||11/12/12-11/28/12||||Yes|||Yes - I'll enter titles now|Both Concourse and Concourse in Sakai|||
8/13/2012 22:03:03|gameriks|ROSP 30320 01-02|Butterfly/ Butterfly Tongues (La lengua de las mariposas)|D02188_La_Lengua_De_Las_Mariposas_Butterfly.mov|||||10/5/12- 10/29/12|Spanish (with English subtitles)|Yes|Yes|No||C965-2DVD|Yes - I'll enter titles now|Both Concourse and Concourse in Sakai|English||
8/13/2012 22:04:33|gameriks|ROSP 30320 01-02|Poniente|Poniente.mov|||||10/5/12- 10/29/12||||Yes|||Yes - I'll enter titles now|Both Concourse and Concourse in Sakai|||
8/14/2012 1:34:35|adinega|||||||||||||||Not this semester|Concourse|||
